{"loss": [16.358016967773438, 7.439648151397705, 4.6978607177734375, 3.45546555519104, 2.9938836097717285, 2.500389575958252, 2.2535758018493652, 1.7247856855392456, 1.4120876789093018, 1.3333814144134521, 1.194985270500183, 1.2499345541000366, 1.1200625896453857, 0.9955275654792786, 0.8246402740478516, 0.7599351406097412, 0.8098055720329285, 0.6414569020271301, 0.8343009948730469, 0.8633188605308533, 0.5763553977012634, 0.6490342020988464, 0.6322058439254761, 0.6209180951118469, 0.5773792266845703, 0.5253288149833679], "accuracy": [0.3338533639907837, 0.4586583375930786, 0.5195007920265198, 0.5928236842155457, 0.6037441492080688, 0.613104522228241, 0.6209048628807068, 0.6599063873291016, 0.66458660364151, 0.672386884689331, 0.66458660364151, 0.6817472577095032, 0.6833073496818542, 0.7035881280899048, 0.7769110798835754, 0.7613104581832886, 0.7379094958305359, 0.7815912365913391, 0.7706708312034607, 0.7363494634628296, 0.815912663936615, 0.7878314852714539, 0.7831513285636902, 0.798751950263977, 0.7940717339515686, 0.8112324476242065], "val_loss": [4.561728000640869, 2.8826844692230225, 2.3696722984313965, 2.0152814388275146, 1.7274363040924072, 1.5593442916870117, 1.5609506368637085, 1.4085623025894165, 1.4085047245025635, 1.325674057006836, 1.2901235818862915, 1.252002477645874, 1.2317266464233398, 1.1597356796264648, 1.1801302433013916, 1.1435413360595703, 1.154611349105835, 1.1456890106201172, 1.2280387878417969, 1.2245595455169678, 1.189874529838562, 1.191573143005371, 1.2017091512680054, 1.2024610042572021, 1.2089025974273682, 1.2055537700653076], "val_accuracy": [0.512499988079071, 0.512499988079071, 0.512499988079071, 0.53125, 0.5375000238418579, 0.5874999761581421, 0.5375000238418579, 0.5249999761581421, 0.550000011920929, 0.5625, 0.5375000238418579, 0.5874999761581421, 0.5687500238418579, 0.574999988079071, 0.5625, 0.581250011920929, 0.581250011920929, 0.612500011920929, 0.574999988079071, 0.5687500238418579, 0.5562499761581421, 0.574999988079071, 0.574999988079071, 0.6000000238418579, 0.606249988079071, 0.606249988079071], "lr": [0.0010000000474974513, 0.0010000000474974513, 0.0010000000474974513, 0.0010000000474974513, 0.0010000000474974513, 0.0010000000474974513, 0.0010000000474974513, 0.0010000000474974513, 0.0010000000474974513, 0.0010000000474974513, 0.0010000000474974513, 0.0010000000474974513, 0.0010000000474974513, 0.0010000000474974513, 0.0010000000474974513, 0.0010000000474974513, 0.0010000000474974513, 0.0010000000474974513, 0.0010000000474974513, 0.0010000000474974513, 0.0010000000474974513, 0.00020000000949949026, 0.00020000000949949026, 0.00020000000949949026, 0.00020000000949949026, 0.00020000000949949026]}