{"loss": [14.945133209228516, 2.442227602005005, 2.5347883701324463, 2.4445152282714844, 2.466125965118408, 2.374831438064575, 2.3191285133361816, 2.1986916065216064, 2.1034302711486816, 1.8973606824874878, 1.7761657238006592, 1.5594251155853271, 1.279300332069397, 1.1827032566070557, 0.902072548866272, 0.6751682758331299, 0.8696965575218201, 0.5969887375831604, 0.4678484797477722, 0.4478023648262024, 0.3153717517852783, 0.3299790620803833, 0.27610382437705994, 0.30551397800445557, 0.1897326409816742, 0.18446609377861023, 0.33925461769104004, 0.15096689760684967, 0.17665982246398926, 0.13171391189098358], "accuracy": [0.09000900387763977, 0.10711070895195007, 0.08820882439613342, 0.10891088843345642, 0.13861386477947235, 0.16291628777980804, 0.18361836671829224, 0.23132313787937164, 0.26192620396614075, 0.3600360155105591, 0.4185418486595154, 0.5040504336357117, 0.5859586000442505, 0.6381638050079346, 0.7074707746505737, 0.7920792102813721, 0.781278133392334, 0.8388838768005371, 0.8784878253936768, 0.8874887228012085, 0.9081908464431763, 0.9162916541099548, 0.9252925515174866, 0.932493269443512, 0.9504950642585754, 0.9522952437400818, 0.9297930002212524, 0.9567956924438477, 0.9540954232215881, 0.9675967693328857], "val_loss": [2.396233558654785, 2.392955780029297, 2.4023706912994385, 2.3976166248321533, 2.406350612640381, 2.4096333980560303, 2.5169003009796143, 2.6364104747772217, 2.611410617828369, 2.737788438796997, 2.8166017532348633, 2.926056146621704, 3.168184995651245, 3.9589381217956543, 3.692718744277954, 9.739859580993652, 5.469341278076172, 5.9205002784729, 5.57631778717041, 6.143580436706543, 5.749800682067871, 5.897175312042236, 7.606013774871826, 5.890152454376221, 7.114748954772949, 8.449743270874023, 7.385286808013916, 8.371548652648926, 7.393515586853027, 8.286402702331543], "val_accuracy": [0.11030741780996323, 0.09403254836797714, 0.10940325260162354, 0.10397829860448837, 0.11301989108324051, 0.13562387228012085, 0.1265822798013687, 0.11211573332548141, 0.11573237180709839, 0.17359855771064758, 0.16274864971637726, 0.15461121499538422, 0.17631103098392487, 0.15461121499538422, 0.19710668921470642, 0.16636528074741364, 0.16636528074741364, 0.1708860695362091, 0.185352623462677, 0.18987341225147247, 0.21699818968772888, 0.17902350425720215, 0.19620253145694733, 0.23327305912971497, 0.20976491272449493, 0.22151899337768555, 0.20433996617794037, 0.20433996617794037, 0.22513562440872192, 0.21157324314117432]}